date_day,holiday_name,day_type
2026-01-01,Новый год,holiday
2026-01-02,Новый год (доп. выходной),day_off
2026-03-08,Международный женский день,holiday
2026-03-09,Женский день (перенос с воскресенья),day_off
2026-03-20,Рамазан хайит,holiday
2026-03-21,Навруз,holiday
2026-03-23,Навруз (перенос с субботы),day_off
2026-05-09,День памяти и почестей,holiday
2026-05-11,День памяти (перенос с субботы),day_off
2026-05-27,Курбан хайит,holiday
2026-05-28,Курбан хайит (доп. выходной),day_off
2026-05-29,Курбан хайит (доп. выходной),day_off
2026-08-31,День независимости (доп. выходной),day_off
2026-09-01,День независимости,holiday
2026-10-01,День учителей и наставников,holiday
2026-12-08,День Конституции,holiday
2026-12-12,Рабочая суббота (перенос на 31 декабря),workday
2026-12-31,Новый год (перенос с 12 декабря),day_off
